Maye Drake Good,MMM Food,Washable Markers,Pickle Pounders,Laser LLamas,Adebayo Fc,Maye Drake,LF SNS Fc,Bad Piggies,Rumble Bees
Ja'marr Chase,Justin Jefferson,Jahmyr Gibbs,Puka Nacua,Christian McCaffrey,Amon-Ra St. Brown,Bijan Robinson,Jaxon Smith-Njigba,Jonathan Taylor,Ceedee Lamb
Kenneth Walker III,Saquon Barkley,Nico Collins,De'von Achane,Brock Bowers,Omarion Hampton,Ashton Jeanty,Chase Brown,George Pickens,James Cook
Trey McBride,Tyler Warren,Chris Olave,Rashee Rice,Malik Nabers,Devonta Smith,Kyren Williams,Jeremiyah Love,Derrick Henry,Garrett WIlson
Drake London,Josh Allen,Breese Hall,Javonte Williams,Tee Higgins,Colston Loveland,Ladd McConkey,AJ Brown,Tetairoa McMillan,Zay Flowers
Travis Etienne Jr.,Kyle Pitts Sr.,Emeka Egbuka,Lamar Jackson,D'Andre Swift,Cam Skattebo,Drake Maye,Harold Fannin Jr.,Sam Laporta,Tucker Kraft
Justin Herbert,Jaylen Waddle,Quinshon Judkins,Davante Adams,Rome Odunze,Bucky Irving,Luther Burden III,Jayden Daniels,Jalen Hurts,Joe Burrow
Bhayshul Tuten,Houston Texans,Patrick Mahomes II,Dallas Goedert,Carnell Tate,Jared Goff,George Kittle,Terry McLaurin,David Montgomery,Jadarian Price
Christian Watson,Rhamondre Stevenson,DJ Moore,Brandon Aubrey,Caleb Williams,Isaiah Likely,Parker Washington,Jonathon Brooks,Jameson Williams,TreVeyon Henderson
Tony Pollard,Rico Dowdle,Jaylen Warren,Josh Jacobs,J.K. Dobbins,Stefon Diggs,Chuba Hubbard,Seattle Seahawks,Jason Myers,Brock Purdy
Cameron Dicker,Kaelon Black,Dalton Kincaid,Los Angeles Rams,Denver Broncos,Matthew Stafford,Mason Jordan ,Michael Pittman Jr.,Marshawn Lloyd,DK Metcalf
Pittsburgh Steelers,Jayden Reed,Jacroy Croskey-Merritt,T.J. Hockenson,Kyle Monangai,Cam Little,KC Concepcion Jr ,Kaʻimi Fairbairn,Baltimore Ravens,Philadelphia Eagles
Marvin Harrison Jr.,Tyler Loop,Mike Evans,Courtland Sutton,Jonah Coleman,Alec Pierce,Makal Lemon,Pat Freiermuth,Mark Andrews,Eddy Pineiro
Jake Ferguson,Jordan Addison,Trevor Lawrence,Kyler Murray,Jake Bates,Aaron Jones,Bo Nix ,Rachaad White ,Wan'Dale Robinson,RJ Harvey
Jaxson Dart,Dak Prescott,Evan McPherson,Tyler Allgeier,Brenton Strange,Josh Downs,Chicago Bears,De'Zhaun Stribling,Jordan Love,Travis Kelce
Eli Heidenreich,Xavier Worthy,Minnesota Vikings,Dylan Sampson,Daniel Jones,Detroit Lions,Dominic Zvada,Tyjae Spears,Kenneth Gainwell,Quentin Johnston